{"cameraMode":{"drawMode":0,"name":"Shaded","section":"Shading Mode"},"sceneLighting":false,"audioPlay":false,"sceneViewState":{"m_AlwaysRefresh":false,"showFog":true,"showSkybox":false,"showFlares":true,"showImageEffects":true,"showParticleSystems":true,"showVisualEffectGraphs":true,"m_FxEnabled":true},"in2DMode":false,"pivot":{"x":0.5195286273956299,"y":0.5923494696617127,"z":1.7152124643325806},"rotation":{"x":0.13653762638568879,"y":-0.5984347462654114,"z":0.0997994914650917,"w":0.7838423848152161},"size":3.3726844787597658,"orthographic":false}