{"cameraMode":{"drawMode":0,"name":"Shaded","section":"Shading Mode"},"sceneLighting":false,"audioPlay":false,"sceneViewState":{"m_AlwaysRefresh":false,"showFog":true,"showSkybox":false,"showFlares":true,"showImageEffects":true,"showParticleSystems":true,"showVisualEffectGraphs":true,"m_FxEnabled":true},"in2DMode":false,"pivot":{"x":1.4073433876037598,"y":1.6778100728988648,"z":-0.8604630827903748},"rotation":{"x":-0.19741953909397126,"y":0.5881679058074951,"z":-0.14583218097686768,"w":-0.7713285684585571},"size":1.6770509481430054,"orthographic":false}