{"cameraMode":{"drawMode":0,"name":"Shaded","section":"Shading Mode"},"sceneLighting":true,"audioPlay":false,"sceneViewState":{"m_AlwaysRefresh":false,"showFog":true,"showSkybox":true,"showFlares":true,"showImageEffects":true,"showParticleSystems":true,"showVisualEffectGraphs":true,"m_FxEnabled":true},"in2DMode":false,"pivot":{"x":23.134321212768556,"y":14.904626846313477,"z":69.97882080078125},"rotation":{"x":0.07810243219137192,"y":-0.8067768216133118,"z":0.10276446491479874,"w":0.5776640772819519},"size":1.894919514656067,"orthographic":false}