{"cameraMode":{"drawMode":0,"name":"Shaded","section":"Shading Mode"},"sceneLighting":true,"audioPlay":false,"sceneViewState":{"m_AlwaysRefresh":false,"showFog":true,"showSkybox":true,"showFlares":true,"showImageEffects":true,"showParticleSystems":true,"showVisualEffectGraphs":true,"m_FxEnabled":true},"in2DMode":false,"pivot":{"x":-5.082815647125244,"y":0.9354239106178284,"z":-0.8529677391052246},"rotation":{"x":0.05589868128299713,"y":-0.9484280347824097,"z":0.22702176868915559,"w":0.21703007817268372},"size":1.894919514656067,"orthographic":false}