{"cameraMode":{"drawMode":0,"name":"Shaded","section":"Shading Mode"},"sceneLighting":true,"audioPlay":false,"sceneViewState":{"m_AlwaysRefresh":false,"showFog":true,"showSkybox":true,"showFlares":true,"showImageEffects":true,"showParticleSystems":true,"showVisualEffectGraphs":true,"m_FxEnabled":true},"in2DMode":false,"pivot":{"x":2.836127996444702,"y":1.2965993881225587,"z":-0.7800096869468689},"rotation":{"x":0.09523211419582367,"y":-0.18202310800552369,"z":0.01413645874708891,"w":0.9791487455368042},"size":2.3686492443084719,"orthographic":false}