{"cameraMode":{"drawMode":0,"name":"Shaded","section":"Shading Mode"},"sceneLighting":true,"audioPlay":false,"sceneViewState":{"m_AlwaysRefresh":false,"showFog":true,"showSkybox":true,"showFlares":true,"showImageEffects":true,"showParticleSystems":true,"showVisualEffectGraphs":true,"m_FxEnabled":true},"in2DMode":false,"pivot":{"x":31.469322204589845,"y":-30.20049285888672,"z":100.95396423339844},"rotation":{"x":-0.14328254759311677,"y":-0.14490266144275666,"z":0.025030674412846566,"w":-0.9795231223106384},"size":1.4428095817565919,"orthographic":true}