{"cameraMode":{"drawMode":0,"name":"Shaded","section":"Shading Mode"},"sceneLighting":true,"audioPlay":false,"sceneViewState":{"m_AlwaysRefresh":false,"showFog":true,"showSkybox":true,"showFlares":true,"showImageEffects":true,"showParticleSystems":true,"showVisualEffectGraphs":true,"m_FxEnabled":true},"in2DMode":false,"pivot":{"x":0.000013709068298339844,"y":1.273576259613037,"z":-0.011375978589057923},"rotation":{"x":0.007002016995102167,"y":-0.9973108172416687,"z":0.03439481928944588,"w":0.07520453631877899},"size":1.91480553150177,"orthographic":true}