{"cameraMode":{"drawMode":0,"name":"Shaded","section":"Shading Mode"},"sceneLighting":true,"audioPlay":false,"sceneViewState":{"m_AlwaysRefresh":false,"showFog":true,"showSkybox":true,"showFlares":true,"showImageEffects":true,"showParticleSystems":true,"showVisualEffectGraphs":true,"m_FxEnabled":true},"in2DMode":false,"pivot":{"x":25.630281448364259,"y":2.1051406860351564,"z":93.29556274414063},"rotation":{"x":-0.14278867840766908,"y":-0.20050930976867677,"z":0.034827619791030887,"w":-0.969428539276123},"size":10.701118469238282,"orthographic":true}