{"cameraMode":{"drawMode":0,"name":"Shaded","section":"Shading Mode"},"sceneLighting":true,"audioPlay":false,"sceneViewState":{"m_AlwaysRefresh":false,"showFog":true,"showSkybox":true,"showFlares":true,"showImageEffects":true,"showParticleSystems":true,"showVisualEffectGraphs":true,"m_FxEnabled":true},"in2DMode":false,"pivot":{"x":-2.6569395065307619,"y":1.5794695615768433,"z":-5.095008850097656},"rotation":{"x":0.004324338398873806,"y":-0.026263341307640077,"z":0.004765399266034365,"w":-1.0003999471664429},"size":1.91480553150177,"orthographic":true}