{"cameraMode":{"drawMode":0,"name":"Shaded","section":"Shading Mode"},"sceneLighting":false,"audioPlay":false,"sceneViewState":{"m_AlwaysRefresh":false,"showFog":true,"showSkybox":false,"showFlares":true,"showImageEffects":true,"showParticleSystems":true,"showVisualEffectGraphs":true,"m_FxEnabled":true},"in2DMode":false,"pivot":{"x":0.9988765716552734,"y":2.0978522300720217,"z":1.0444942712783814},"rotation":{"x":0.30524346232414248,"y":0.13550806045532227,"z":-0.047146156430244449,"w":0.9419801235198975},"size":3.65781569480896,"orthographic":false}