{"cameraMode":{"drawMode":0,"name":"Shaded","section":"Shading Mode"},"sceneLighting":false,"audioPlay":false,"sceneViewState":{"m_AlwaysRefresh":false,"showFog":true,"showSkybox":false,"showFlares":true,"showImageEffects":true,"showParticleSystems":true,"showVisualEffectGraphs":true,"m_FxEnabled":true},"in2DMode":false,"pivot":{"x":1.998396635055542,"y":1.4689040184020997,"z":0.7313193082809448},"rotation":{"x":0.03999200835824013,"y":-0.7581057548522949,"z":0.04119699075818062,"w":0.6504672169685364},"size":2.1937410831451418,"orthographic":false}